tag,vocab,batch,logit_std,mode,time_us
base,8192,1,1.0,top_p,5.62
base,8192,1,1.0,top_k,18.65
base,8192,1,1.0,joint,18.72
base,8192,1,5.0,top_p,6.82
base,8192,1,5.0,top_k,6.43
base,8192,1,5.0,joint,7.47
base,8192,8,1.0,top_p,7.08
base,8192,8,1.0,top_k,27.35
base,8192,8,1.0,joint,27.37
base,8192,8,5.0,top_p,8.24
base,8192,8,5.0,top_k,7.62
base,8192,8,5.0,joint,9.09
base,8192,32,1.0,top_p,9.53
base,8192,32,1.0,top_k,33.08
base,8192,32,1.0,joint,33.14
base,8192,32,5.0,top_p,9.74
base,8192,32,5.0,top_k,9.42
base,8192,32,5.0,joint,10.83
base,8192,128,1.0,top_p,11.62
base,8192,128,1.0,top_k,37.84
base,8192,128,1.0,joint,37.86
base,8192,128,5.0,top_p,11.19
base,8192,128,5.0,top_k,11.71
base,8192,128,5.0,joint,12.41
base,8192,512,1.0,top_p,26.61
base,8192,512,1.0,top_k,86.41
base,8192,512,1.0,joint,86.51
base,8192,512,5.0,top_p,26.39
base,8192,512,5.0,top_k,27.04
base,8192,512,5.0,joint,29.49
base,32000,1,1.0,top_p,9.57
base,32000,1,1.0,top_k,35.48
base,32000,1,1.0,joint,35.36
base,32000,1,5.0,top_p,8.65
base,32000,1,5.0,top_k,9.49
base,32000,1,5.0,joint,9.99
base,32000,8,1.0,top_p,15.06
base,32000,8,1.0,top_k,61.93
base,32000,8,1.0,joint,61.66
base,32000,8,5.0,top_p,14.64
base,32000,8,5.0,top_k,15.83
base,32000,8,5.0,joint,16.48
base,32000,32,1.0,top_p,18.51
base,32000,32,1.0,top_k,74.28
base,32000,32,1.0,joint,73.94
base,32000,32,5.0,top_p,18.19
base,32000,32,5.0,top_k,20.90
base,32000,32,5.0,joint,21.22
base,32000,128,1.0,top_p,21.67
base,32000,128,1.0,top_k,87.39
base,32000,128,1.0,joint,86.87
base,32000,128,5.0,top_p,21.64
base,32000,128,5.0,top_k,25.04
base,32000,128,5.0,joint,25.35
base,32000,512,1.0,top_p,57.18
base,32000,512,1.0,top_k,209.90
base,32000,512,1.0,joint,209.38
base,32000,512,5.0,top_p,57.13
base,32000,512,5.0,top_k,64.98
base,32000,512,5.0,joint,66.29
base,50257,1,1.0,top_p,25.43
base,50257,1,1.0,top_k,111.10
base,50257,1,1.0,joint,110.92
base,50257,1,5.0,top_p,27.21
base,50257,1,5.0,top_k,26.98
base,50257,1,5.0,joint,27.83
base,50257,8,1.0,top_p,43.68
base,50257,8,1.0,top_k,196.13
base,50257,8,1.0,joint,195.13
base,50257,8,5.0,top_p,44.59
base,50257,8,5.0,top_k,51.89
base,50257,8,5.0,joint,51.90
base,50257,32,1.0,top_p,59.88
base,50257,32,1.0,top_k,224.89
base,50257,32,1.0,joint,223.76
base,50257,32,5.0,top_p,57.31
base,50257,32,5.0,top_k,65.42
base,50257,32,5.0,joint,65.45
base,50257,128,1.0,top_p,72.30
base,50257,128,1.0,top_k,261.70
base,50257,128,1.0,joint,259.73
base,50257,128,5.0,top_p,73.49
base,50257,128,5.0,top_k,77.71
base,50257,128,5.0,joint,79.59
base,50257,512,1.0,top_p,196.32
base,50257,512,1.0,top_k,630.81
base,50257,512,1.0,joint,628.10
base,50257,512,5.0,top_p,199.14
base,50257,512,5.0,top_k,201.56
base,50257,512,5.0,joint,204.28
new,8192,1,1.0,top_p,5.06
new,8192,1,1.0,top_k,12.63
new,8192,1,1.0,joint,12.79
new,8192,1,5.0,top_p,5.55
new,8192,1,5.0,top_k,5.32
new,8192,1,5.0,joint,5.85
new,8192,8,1.0,top_p,5.91
new,8192,8,1.0,top_k,17.77
new,8192,8,1.0,joint,17.75
new,8192,8,5.0,top_p,6.79
new,8192,8,5.0,top_k,6.08
new,8192,8,5.0,joint,7.05
new,8192,32,1.0,top_p,7.76
new,8192,32,1.0,top_k,21.61
new,8192,32,1.0,joint,21.56
new,8192,32,5.0,top_p,7.99
new,8192,32,5.0,top_k,7.42
new,8192,32,5.0,joint,8.29
new,8192,128,1.0,top_p,10.37
new,8192,128,1.0,top_k,26.35
new,8192,128,1.0,joint,26.43
new,8192,128,5.0,top_p,9.92
new,8192,128,5.0,top_k,9.91
new,8192,128,5.0,joint,10.44
new,8192,512,1.0,top_p,19.80
new,8192,512,1.0,top_k,49.60
new,8192,512,1.0,joint,49.75
new,8192,512,5.0,top_p,19.49
new,8192,512,5.0,top_k,19.59
new,8192,512,5.0,joint,20.89
new,32000,1,1.0,top_p,6.36
new,32000,1,1.0,top_k,16.81
new,32000,1,1.0,joint,16.73
new,32000,1,5.0,top_p,6.60
new,32000,1,5.0,top_k,6.95
new,32000,1,5.0,joint,7.04
new,32000,8,1.0,top_p,8.28
new,32000,8,1.0,top_k,26.77
new,32000,8,1.0,joint,26.67
new,32000,8,5.0,top_p,8.07
new,32000,8,5.0,top_k,8.37
new,32000,8,5.0,joint,8.60
new,32000,32,1.0,top_p,10.47
new,32000,32,1.0,top_k,32.71
new,32000,32,1.0,joint,32.69
new,32000,32,5.0,top_p,10.14
new,32000,32,5.0,top_k,11.16
new,32000,32,5.0,joint,11.21
new,32000,128,1.0,top_p,16.23
new,32000,128,1.0,top_k,50.00
new,32000,128,1.0,joint,49.98
new,32000,128,5.0,top_p,16.15
new,32000,128,5.0,top_k,18.16
new,32000,128,5.0,joint,18.48
new,32000,512,1.0,top_p,40.64
new,32000,512,1.0,top_k,110.72
new,32000,512,1.0,joint,110.26
new,32000,512,5.0,top_p,40.62
new,32000,512,5.0,top_k,45.33
new,32000,512,5.0,joint,45.75
new,50257,1,1.0,top_p,7.64
new,50257,1,1.0,top_k,20.44
new,50257,1,1.0,joint,20.32
new,50257,1,5.0,top_p,7.68
new,50257,1,5.0,top_k,7.74
new,50257,1,5.0,joint,8.03
new,50257,8,1.0,top_p,9.02
new,50257,8,1.0,top_k,30.76
new,50257,8,1.0,joint,30.59
new,50257,8,5.0,top_p,8.81
new,50257,8,5.0,top_k,9.61
new,50257,8,5.0,joint,9.72
new,50257,32,1.0,top_p,12.95
new,50257,32,1.0,top_k,40.02
new,50257,32,1.0,joint,39.84
new,50257,32,5.0,top_p,12.58
new,50257,32,5.0,top_k,14.33
new,50257,32,5.0,joint,14.26
new,50257,128,1.0,top_p,19.60
new,50257,128,1.0,top_k,62.55
new,50257,128,1.0,joint,62.71
new,50257,128,5.0,top_p,19.83
new,50257,128,5.0,top_k,22.80
new,50257,128,5.0,joint,23.19
new,50257,512,1.0,top_p,88.59
new,50257,512,1.0,top_k,194.72
new,50257,512,1.0,joint,194.77
new,50257,512,5.0,top_p,88.16
new,50257,512,5.0,top_k,94.83
new,50257,512,5.0,joint,95.51
base,128256,1,1.0,top_p,23.27
base,128256,1,1.0,top_k,135.39
base,128256,1,1.0,joint,133.95
base,128256,1,5.0,top_p,22.79
base,128256,1,5.0,top_k,28.69
base,128256,1,5.0,joint,28.45
base,128256,8,1.0,top_p,41.19
base,128256,8,1.0,top_k,233.90
base,128256,8,1.0,joint,230.98
base,128256,8,5.0,top_p,37.47
base,128256,8,5.0,top_k,50.95
base,128256,8,5.0,joint,50.92
base,128256,32,1.0,top_p,60.95
base,128256,32,1.0,top_k,338.96
base,128256,32,1.0,joint,329.57
base,128256,32,5.0,top_p,53.21
base,128256,32,5.0,top_k,71.48
base,128256,32,5.0,joint,71.04
base,128256,128,1.0,top_p,72.98
base,128256,128,1.0,top_k,362.10
base,128256,128,1.0,joint,358.56
base,128256,128,5.0,top_p,72.14
base,128256,128,5.0,top_k,97.77
base,128256,128,5.0,joint,100.46
base,128256,512,1.0,top_p,202.30
base,128256,512,1.0,top_k,911.57
base,128256,512,1.0,joint,907.27
base,128256,512,5.0,top_p,185.02
base,128256,512,5.0,top_k,226.29
base,128256,512,5.0,joint,226.91
base,151936,1,1.0,top_p,31.19
base,151936,1,1.0,top_k,179.33
base,151936,1,1.0,joint,177.38
base,151936,1,5.0,top_p,27.71
base,151936,1,5.0,top_k,40.07
base,151936,1,5.0,joint,39.54
base,151936,8,1.0,top_p,46.21
base,151936,8,1.0,top_k,290.99
base,151936,8,1.0,joint,287.01
base,151936,8,5.0,top_p,53.07
base,151936,8,5.0,top_k,76.74
base,151936,8,5.0,joint,75.88
base,151936,32,1.0,top_p,64.22
base,151936,32,1.0,top_k,352.52
base,151936,32,1.0,joint,348.32
base,151936,32,5.0,top_p,66.93
base,151936,32,5.0,top_k,87.64
base,151936,32,5.0,joint,86.79
base,151936,128,1.0,top_p,93.41
base,151936,128,1.0,top_k,434.43
base,151936,128,1.0,joint,431.05
base,151936,128,5.0,top_p,89.20
base,151936,128,5.0,top_k,120.15
base,151936,128,5.0,joint,119.70
base,151936,512,1.0,top_p,221.26
base,151936,512,1.0,top_k,1154.55
base,151936,512,1.0,joint,1151.56
base,151936,512,5.0,top_p,221.76
base,151936,512,5.0,top_k,276.06
base,151936,512,5.0,joint,277.65
new,128256,1,1.0,top_p,8.15
new,128256,1,1.0,top_k,26.57
new,128256,1,1.0,joint,26.22
new,128256,1,5.0,top_p,8.54
new,128256,1,5.0,top_k,9.63
new,128256,1,5.0,joint,9.39
new,128256,8,1.0,top_p,10.67
new,128256,8,1.0,top_k,42.12
new,128256,8,1.0,joint,41.64
new,128256,8,5.0,top_p,10.04
new,128256,8,5.0,top_k,12.30
new,128256,8,5.0,joint,12.25
new,128256,32,1.0,top_p,17.76
new,128256,32,1.0,top_k,61.46
new,128256,32,1.0,joint,61.35
new,128256,32,5.0,top_p,17.20
new,128256,32,5.0,top_k,20.38
new,128256,32,5.0,joint,20.28
new,128256,128,1.0,top_p,46.65
new,128256,128,1.0,top_k,143.70
new,128256,128,1.0,joint,144.00
new,128256,128,5.0,top_p,47.44
new,128256,128,5.0,top_k,52.64
new,128256,128,5.0,joint,52.97
new,128256,512,1.0,top_p,150.25
new,128256,512,1.0,top_k,475.07
new,128256,512,1.0,joint,475.51
new,128256,512,5.0,top_p,149.70
new,128256,512,5.0,top_k,166.84
new,128256,512,5.0,joint,168.67
new,151936,1,1.0,top_p,9.37
new,151936,1,1.0,top_k,32.60
new,151936,1,1.0,joint,32.18
new,151936,1,5.0,top_p,8.96
new,151936,1,5.0,top_k,11.23
new,151936,1,5.0,joint,10.97
new,151936,8,1.0,top_p,10.53
new,151936,8,1.0,top_k,48.59
new,151936,8,1.0,joint,48.07
new,151936,8,5.0,top_p,11.65
new,151936,8,5.0,top_k,15.36
new,151936,8,5.0,joint,15.04
new,151936,32,1.0,top_p,21.36
new,151936,32,1.0,top_k,69.40
new,151936,32,1.0,joint,68.85
new,151936,32,5.0,top_p,21.25
new,151936,32,5.0,top_k,23.86
new,151936,32,5.0,joint,23.28
new,151936,128,1.0,top_p,58.87
new,151936,128,1.0,top_k,186.61
new,151936,128,1.0,joint,185.96
new,151936,128,5.0,top_p,58.41
new,151936,128,5.0,top_k,66.63
new,151936,128,5.0,joint,65.42
new,151936,512,1.0,top_p,195.53
new,151936,512,1.0,top_k,644.83
new,151936,512,1.0,joint,643.39
new,151936,512,5.0,top_p,195.03
new,151936,512,5.0,top_k,220.67
new,151936,512,5.0,joint,219.41
base,201088,1,1.0,top_p,31.67
base,201088,1,1.0,top_k,247.67
base,201088,1,1.0,joint,244.86
base,201088,1,5.0,top_p,38.11
base,201088,1,5.0,top_k,57.51
base,201088,1,5.0,joint,57.10
base,201088,8,1.0,top_p,56.72
base,201088,8,1.0,top_k,392.44
base,201088,8,1.0,joint,387.38
base,201088,8,5.0,top_p,63.68
base,201088,8,5.0,top_k,85.30
base,201088,8,5.0,joint,84.48
base,201088,32,1.0,top_p,79.14
base,201088,32,1.0,top_k,441.29
base,201088,32,1.0,joint,435.99
base,201088,32,5.0,top_p,85.38
base,201088,32,5.0,top_k,115.43
base,201088,32,5.0,joint,115.40
base,201088,128,1.0,top_p,123.13
base,201088,128,1.0,top_k,608.65
base,201088,128,1.0,joint,604.47
base,201088,128,5.0,top_p,123.29
base,201088,128,5.0,top_k,167.71
base,201088,128,5.0,joint,166.97
base,201088,512,1.0,top_p,288.78
base,201088,512,1.0,top_k,1618.44
base,201088,512,1.0,joint,2009.11
base,201088,512,5.0,top_p,292.37
base,201088,512,5.0,top_k,372.07
base,201088,512,5.0,joint,373.39
base,262144,1,1.0,top_p,41.81
base,262144,1,1.0,top_k,325.71
base,262144,1,1.0,joint,336.84
base,262144,1,5.0,top_p,42.59
base,262144,1,5.0,top_k,58.41
base,262144,1,5.0,joint,57.89
base,262144,8,1.0,top_p,91.40
base,262144,8,1.0,top_k,754.27
base,262144,8,1.0,joint,1047.07
base,262144,8,5.0,top_p,72.76
base,262144,8,5.0,top_k,111.81
base,262144,8,5.0,joint,110.37
base,262144,32,1.0,top_p,114.78
base,262144,32,1.0,top_k,597.88
base,262144,32,1.0,joint,591.35
base,262144,32,5.0,top_p,112.88
base,262144,32,5.0,top_k,159.28
base,262144,32,5.0,joint,157.73
base,262144,128,1.0,top_p,164.12
base,262144,128,1.0,top_k,810.47
base,262144,128,1.0,joint,806.55
base,262144,128,5.0,top_p,162.12
base,262144,128,5.0,top_k,228.26
base,262144,128,5.0,joint,227.12
base,262144,512,1.0,top_p,376.78
base,262144,512,1.0,top_k,2205.42
base,262144,512,1.0,joint,2200.51
base,262144,512,5.0,top_p,369.07
base,262144,512,5.0,top_k,473.19
base,262144,512,5.0,joint,476.92
new,201088,1,1.0,top_p,9.39
new,201088,1,1.0,top_k,37.76
new,201088,1,1.0,joint,37.14
new,201088,1,5.0,top_p,10.64
new,201088,1,5.0,top_k,13.84
new,201088,1,5.0,joint,13.41
new,201088,8,1.0,top_p,11.40
new,201088,8,1.0,top_k,55.12
new,201088,8,1.0,joint,54.40
new,201088,8,5.0,top_p,12.29
new,201088,8,5.0,top_k,15.88
new,201088,8,5.0,joint,15.47
new,201088,32,1.0,top_p,23.71
new,201088,32,1.0,top_k,75.05
new,201088,32,1.0,joint,74.76
new,201088,32,5.0,top_p,24.59
new,201088,32,5.0,top_k,28.76
new,201088,32,5.0,joint,28.80
new,201088,128,1.0,top_p,68.25
new,201088,128,1.0,top_k,218.78
new,201088,128,1.0,joint,218.49
new,201088,128,5.0,top_p,68.00
new,201088,128,5.0,top_k,78.50
new,201088,128,5.0,joint,77.68
new,201088,512,1.0,top_p,229.39
new,201088,512,1.0,top_k,762.19
new,201088,512,1.0,joint,761.32
new,201088,512,5.0,top_p,228.58
new,201088,512,5.0,top_k,260.23
new,201088,512,5.0,joint,259.17
new,262144,1,1.0,top_p,11.06
new,262144,1,1.0,top_k,44.28
new,262144,1,1.0,joint,43.69
new,262144,1,5.0,top_p,11.07
new,262144,1,5.0,top_k,13.84
new,262144,1,5.0,joint,13.40
new,262144,8,1.0,top_p,15.44
new,262144,8,1.0,top_k,63.46
new,262144,8,1.0,joint,62.84
new,262144,8,5.0,top_p,13.90
new,262144,8,5.0,top_k,18.75
new,262144,8,5.0,joint,18.29
new,262144,32,1.0,top_p,33.42
new,262144,32,1.0,top_k,126.20
new,262144,32,1.0,joint,124.66
new,262144,32,5.0,top_p,34.21
new,262144,32,5.0,top_k,41.93
new,262144,32,5.0,joint,40.60
new,262144,128,1.0,top_p,107.31
new,262144,128,1.0,top_k,393.07
new,262144,128,1.0,joint,387.09
new,262144,128,5.0,top_p,107.33
new,262144,128,5.0,top_k,127.46
new,262144,128,5.0,joint,124.78
new,262144,512,1.0,top_p,391.92
new,262144,512,1.0,top_k,1456.28
new,262144,512,1.0,joint,1436.31
new,262144,512,5.0,top_p,389.05
new,262144,512,5.0,top_k,467.98
new,262144,512,5.0,joint,457.40
base,8192,1,1.0,top_p,5.64
base,8192,1,1.0,top_k,18.66
base,8192,1,1.0,joint,18.71
base,8192,1,5.0,top_p,6.84
base,8192,1,5.0,top_k,6.43
base,8192,1,5.0,joint,7.48
base,8192,8,1.0,top_p,7.11
base,8192,8,1.0,top_k,27.38
base,8192,8,1.0,joint,27.39
base,8192,8,5.0,top_p,8.25
base,8192,8,5.0,top_k,7.65
base,8192,8,5.0,joint,9.10
base,8192,32,1.0,top_p,9.55
base,8192,32,1.0,top_k,33.11
base,8192,32,1.0,joint,33.16
base,8192,32,5.0,top_p,9.75
base,8192,32,5.0,top_k,9.41
base,8192,32,5.0,joint,10.84
base,8192,128,1.0,top_p,11.61
base,8192,128,1.0,top_k,37.87
base,8192,128,1.0,joint,37.88
base,8192,128,5.0,top_p,11.23
base,8192,128,5.0,top_k,11.72
base,8192,128,5.0,joint,12.41
base,8192,512,1.0,top_p,26.62
base,8192,512,1.0,top_k,86.41
base,8192,512,1.0,joint,86.50
base,8192,512,5.0,top_p,26.39
base,8192,512,5.0,top_k,27.04
base,8192,512,5.0,joint,29.49
base,32000,1,1.0,top_p,9.58
base,32000,1,1.0,top_k,35.46
base,32000,1,1.0,joint,35.35
base,32000,1,5.0,top_p,8.67
base,32000,1,5.0,top_k,9.49
base,32000,1,5.0,joint,10.02
base,32000,8,1.0,top_p,15.07
base,32000,8,1.0,top_k,61.95
base,32000,8,1.0,joint,61.68
base,32000,8,5.0,top_p,14.65
base,32000,8,5.0,top_k,15.84
base,32000,8,5.0,joint,16.50
base,32000,32,1.0,top_p,18.52
base,32000,32,1.0,top_k,74.31
base,32000,32,1.0,joint,73.98
base,32000,32,5.0,top_p,18.20
base,32000,32,5.0,top_k,20.95
base,32000,32,5.0,joint,21.23
base,32000,128,1.0,top_p,21.65
base,32000,128,1.0,top_k,87.39
base,32000,128,1.0,joint,86.90
base,32000,128,5.0,top_p,21.66
base,32000,128,5.0,top_k,25.08
base,32000,128,5.0,joint,25.40
base,32000,512,1.0,top_p,57.18
base,32000,512,1.0,top_k,210.06
base,32000,512,1.0,joint,209.06
base,32000,512,5.0,top_p,57.17
base,32000,512,5.0,top_k,64.98
base,32000,512,5.0,joint,66.45
base,50257,1,1.0,top_p,25.42
base,50257,1,1.0,top_k,111.05
base,50257,1,1.0,joint,110.94
base,50257,1,5.0,top_p,27.36
base,50257,1,5.0,top_k,27.21
base,50257,1,5.0,joint,28.00
base,50257,8,1.0,top_p,43.74
base,50257,8,1.0,top_k,221.84
base,50257,8,1.0,joint,196.55
base,50257,8,5.0,top_p,44.42
base,50257,8,5.0,top_k,52.23
base,50257,8,5.0,joint,51.76
base,50257,32,1.0,top_p,60.25
base,50257,32,1.0,top_k,300.38
base,50257,32,1.0,joint,286.85
base,50257,32,5.0,top_p,57.60
base,50257,32,5.0,top_k,65.30
base,50257,32,5.0,joint,65.45
base,50257,128,1.0,top_p,72.22
base,50257,128,1.0,top_k,261.41
base,50257,128,1.0,joint,259.89
base,50257,128,5.0,top_p,73.60
base,50257,128,5.0,top_k,77.84
base,50257,128,5.0,joint,79.77
base,50257,512,1.0,top_p,196.43
base,50257,512,1.0,top_k,630.97
base,50257,512,1.0,joint,628.59
base,50257,512,5.0,top_p,199.35
base,50257,512,5.0,top_k,201.92
base,50257,512,5.0,joint,204.42
new,8192,1,1.0,top_p,5.08
new,8192,1,1.0,top_k,12.84
new,8192,1,1.0,joint,12.81
new,8192,1,5.0,top_p,5.65
new,8192,1,5.0,top_k,5.32
new,8192,1,5.0,joint,5.88
new,8192,8,1.0,top_p,5.91
new,8192,8,1.0,top_k,17.76
new,8192,8,1.0,joint,17.75
new,8192,8,5.0,top_p,6.80
new,8192,8,5.0,top_k,6.07
new,8192,8,5.0,joint,7.07
new,8192,32,1.0,top_p,7.80
new,8192,32,1.0,top_k,21.63
new,8192,32,1.0,joint,21.62
new,8192,32,5.0,top_p,7.98
new,8192,32,5.0,top_k,7.42
new,8192,32,5.0,joint,8.29
new,8192,128,1.0,top_p,10.38
new,8192,128,1.0,top_k,26.37
new,8192,128,1.0,joint,26.46
new,8192,128,5.0,top_p,9.93
new,8192,128,5.0,top_k,9.92
new,8192,128,5.0,joint,10.48
new,8192,512,1.0,top_p,19.68
new,8192,512,1.0,top_k,49.43
new,8192,512,1.0,joint,49.76
new,8192,512,5.0,top_p,19.41
new,8192,512,5.0,top_k,19.55
new,8192,512,5.0,joint,20.88
new,32000,1,1.0,top_p,6.54
new,32000,1,1.0,top_k,17.00
new,32000,1,1.0,joint,16.93
new,32000,1,5.0,top_p,6.65
new,32000,1,5.0,top_k,6.96
new,32000,1,5.0,joint,7.04
new,32000,8,1.0,top_p,8.37
new,32000,8,1.0,top_k,26.78
new,32000,8,1.0,joint,26.71
new,32000,8,5.0,top_p,8.07
new,32000,8,5.0,top_k,8.37
new,32000,8,5.0,joint,8.63
new,32000,32,1.0,top_p,10.51
new,32000,32,1.0,top_k,32.73
new,32000,32,1.0,joint,32.71
new,32000,32,5.0,top_p,10.18
new,32000,32,5.0,top_k,11.16
new,32000,32,5.0,joint,11.23
new,32000,128,1.0,top_p,16.24
new,32000,128,1.0,top_k,50.00
new,32000,128,1.0,joint,49.97
new,32000,128,5.0,top_p,16.16
new,32000,128,5.0,top_k,18.14
new,32000,128,5.0,joint,18.50
new,32000,512,1.0,top_p,40.55
new,32000,512,1.0,top_k,110.42
new,32000,512,1.0,joint,111.06
new,32000,512,5.0,top_p,40.70
new,32000,512,5.0,top_k,45.40
new,32000,512,5.0,joint,45.61
new,50257,1,1.0,top_p,7.59
new,50257,1,1.0,top_k,20.44
new,50257,1,1.0,joint,20.31
new,50257,1,5.0,top_p,7.70
new,50257,1,5.0,top_k,7.77
new,50257,1,5.0,joint,7.94
new,50257,8,1.0,top_p,9.04
new,50257,8,1.0,top_k,30.79
new,50257,8,1.0,joint,30.60
new,50257,8,5.0,top_p,8.85
new,50257,8,5.0,top_k,9.63
new,50257,8,5.0,joint,9.75
new,50257,32,1.0,top_p,12.97
new,50257,32,1.0,top_k,40.08
new,50257,32,1.0,joint,39.85
new,50257,32,5.0,top_p,12.62
new,50257,32,5.0,top_k,14.34
new,50257,32,5.0,joint,14.30
new,50257,128,1.0,top_p,19.60
new,50257,128,1.0,top_k,62.56
new,50257,128,1.0,joint,62.67
new,50257,128,5.0,top_p,19.86
new,50257,128,5.0,top_k,22.80
new,50257,128,5.0,joint,23.26
new,50257,512,1.0,top_p,88.54
new,50257,512,1.0,top_k,195.10
new,50257,512,1.0,joint,195.11
new,50257,512,5.0,top_p,88.26
new,50257,512,5.0,top_k,94.86
new,50257,512,5.0,joint,95.37
base,128256,1,1.0,top_p,23.26
base,128256,1,1.0,top_k,135.38
base,128256,1,1.0,joint,133.83
base,128256,1,5.0,top_p,22.79
base,128256,1,5.0,top_k,28.65
base,128256,1,5.0,joint,28.48
base,128256,8,1.0,top_p,41.18
base,128256,8,1.0,top_k,233.91
base,128256,8,1.0,joint,230.97
base,128256,8,5.0,top_p,37.51
base,128256,8,5.0,top_k,50.52
base,128256,8,5.0,joint,50.59
base,128256,32,1.0,top_p,60.27
base,128256,32,1.0,top_k,306.11
base,128256,32,1.0,joint,302.26
base,128256,32,5.0,top_p,53.37
base,128256,32,5.0,top_k,71.46
base,128256,32,5.0,joint,70.97
base,128256,128,1.0,top_p,73.78
base,128256,128,1.0,top_k,362.55
base,128256,128,1.0,joint,358.69
base,128256,128,5.0,top_p,72.52
base,128256,128,5.0,top_k,97.51
base,128256,128,5.0,joint,98.40
base,128256,512,1.0,top_p,184.73
base,128256,512,1.0,top_k,911.77
base,128256,512,1.0,joint,908.33
base,128256,512,5.0,top_p,184.64
base,128256,512,5.0,top_k,225.74
base,128256,512,5.0,joint,226.44
base,151936,1,1.0,top_p,31.18
base,151936,1,1.0,top_k,179.32
base,151936,1,1.0,joint,177.15
base,151936,1,5.0,top_p,27.70
base,151936,1,5.0,top_k,40.02
base,151936,1,5.0,joint,39.75
base,151936,8,1.0,top_p,46.51
base,151936,8,1.0,top_k,290.77
base,151936,8,1.0,joint,287.02
base,151936,8,5.0,top_p,53.04
base,151936,8,5.0,top_k,76.71
base,151936,8,5.0,joint,75.95
base,151936,32,1.0,top_p,64.17
base,151936,32,1.0,top_k,352.27
base,151936,32,1.0,joint,348.17
base,151936,32,5.0,top_p,66.87
base,151936,32,5.0,top_k,87.59
base,151936,32,5.0,joint,86.76
base,151936,128,1.0,top_p,93.56
base,151936,128,1.0,top_k,435.02
base,151936,128,1.0,joint,430.93
base,151936,128,5.0,top_p,88.87
base,151936,128,5.0,top_k,119.96
base,151936,128,5.0,joint,119.08
base,151936,512,1.0,top_p,221.55
base,151936,512,1.0,top_k,1154.20
base,151936,512,1.0,joint,1150.74
base,151936,512,5.0,top_p,303.37
base,151936,512,5.0,top_k,275.68
base,151936,512,5.0,joint,276.84
new,128256,1,1.0,top_p,8.19
new,128256,1,1.0,top_k,26.67
new,128256,1,1.0,joint,26.32
new,128256,1,5.0,top_p,8.58
new,128256,1,5.0,top_k,9.70
new,128256,1,5.0,joint,9.44
new,128256,8,1.0,top_p,10.63
new,128256,8,1.0,top_k,42.07
new,128256,8,1.0,joint,41.61
new,128256,8,5.0,top_p,9.95
new,128256,8,5.0,top_k,12.23
new,128256,8,5.0,joint,12.16
new,128256,32,1.0,top_p,17.67
new,128256,32,1.0,top_k,61.37
new,128256,32,1.0,joint,61.28
new,128256,32,5.0,top_p,17.10
new,128256,32,5.0,top_k,20.27
new,128256,32,5.0,joint,20.18
new,128256,128,1.0,top_p,46.48
new,128256,128,1.0,top_k,144.08
new,128256,128,1.0,joint,143.83
new,128256,128,5.0,top_p,47.30
new,128256,128,5.0,top_k,52.75
new,128256,128,5.0,joint,53.17
new,128256,512,1.0,top_p,150.21
new,128256,512,1.0,top_k,474.85
new,128256,512,1.0,joint,476.44
new,128256,512,5.0,top_p,149.88
new,128256,512,5.0,top_k,167.07
new,128256,512,5.0,joint,168.42
new,151936,1,1.0,top_p,9.43
new,151936,1,1.0,top_k,32.70
new,151936,1,1.0,joint,32.27
new,151936,1,5.0,top_p,9.04
new,151936,1,5.0,top_k,11.30
new,151936,1,5.0,joint,11.03
new,151936,8,1.0,top_p,10.43
new,151936,8,1.0,top_k,48.55
new,151936,8,1.0,joint,48.04
new,151936,8,5.0,top_p,11.59
new,151936,8,5.0,top_k,15.31
new,151936,8,5.0,joint,15.00
new,151936,32,1.0,top_p,21.39
new,151936,32,1.0,top_k,69.37
new,151936,32,1.0,joint,68.80
new,151936,32,5.0,top_p,21.18
new,151936,32,5.0,top_k,23.84
new,151936,32,5.0,joint,23.28
new,151936,128,1.0,top_p,59.13
new,151936,128,1.0,top_k,187.13
new,151936,128,1.0,joint,185.83
new,151936,128,5.0,top_p,58.42
new,151936,128,5.0,top_k,66.64
new,151936,128,5.0,joint,65.47
new,151936,512,1.0,top_p,195.87
new,151936,512,1.0,top_k,645.70
new,151936,512,1.0,joint,644.28
new,151936,512,5.0,top_p,195.46
new,151936,512,5.0,top_k,221.04
new,151936,512,5.0,joint,220.06
base,201088,1,1.0,top_p,31.70
base,201088,1,1.0,top_k,247.91
base,201088,1,1.0,joint,245.15
base,201088,1,5.0,top_p,38.13
base,201088,1,5.0,top_k,57.58
base,201088,1,5.0,joint,57.19
base,201088,8,1.0,top_p,56.75
base,201088,8,1.0,top_k,392.58
base,201088,8,1.0,joint,387.69
base,201088,8,5.0,top_p,63.88
base,201088,8,5.0,top_k,85.31
base,201088,8,5.0,joint,84.49
base,201088,32,1.0,top_p,79.17
base,201088,32,1.0,top_k,441.45
base,201088,32,1.0,joint,436.23
base,201088,32,5.0,top_p,85.29
base,201088,32,5.0,top_k,115.34
base,201088,32,5.0,joint,115.40
base,201088,128,1.0,top_p,122.34
base,201088,128,1.0,top_k,609.28
base,201088,128,1.0,joint,604.54
base,201088,128,5.0,top_p,123.80
base,201088,128,5.0,top_k,167.77
base,201088,128,5.0,joint,166.97
base,201088,512,1.0,top_p,288.95
base,201088,512,1.0,top_k,1619.80
base,201088,512,1.0,joint,1615.92
base,201088,512,5.0,top_p,292.17
base,201088,512,5.0,top_k,372.22
base,201088,512,5.0,joint,372.73
base,262144,1,1.0,top_p,41.82
base,262144,1,1.0,top_k,324.26
base,262144,1,1.0,joint,320.54
base,262144,1,5.0,top_p,42.90
base,262144,1,5.0,top_k,58.72
base,262144,1,5.0,joint,58.21
base,262144,8,1.0,top_p,91.85
base,262144,8,1.0,top_k,525.47
base,262144,8,1.0,joint,519.03
base,262144,8,5.0,top_p,72.69
base,262144,8,5.0,top_k,111.76
base,262144,8,5.0,joint,109.90
base,262144,32,1.0,top_p,114.71
base,262144,32,1.0,top_k,597.94
base,262144,32,1.0,joint,591.34
base,262144,32,5.0,top_p,112.84
base,262144,32,5.0,top_k,159.35
base,262144,32,5.0,joint,157.88
base,262144,128,1.0,top_p,164.43
base,262144,128,1.0,top_k,808.70
base,262144,128,1.0,joint,803.85
base,262144,128,5.0,top_p,161.83
base,262144,128,5.0,top_k,227.49
base,262144,128,5.0,joint,226.20
base,262144,512,1.0,top_p,377.34
base,262144,512,1.0,top_k,2205.25
base,262144,512,1.0,joint,2200.55
base,262144,512,5.0,top_p,369.53
base,262144,512,5.0,top_k,473.43
base,262144,512,5.0,joint,476.94
new,201088,1,1.0,top_p,9.38
new,201088,1,1.0,top_k,37.75
new,201088,1,1.0,joint,37.13
new,201088,1,5.0,top_p,10.64
new,201088,1,5.0,top_k,13.82
new,201088,1,5.0,joint,13.41
new,201088,8,1.0,top_p,11.41
new,201088,8,1.0,top_k,55.14
new,201088,8,1.0,joint,54.42
new,201088,8,5.0,top_p,12.30
new,201088,8,5.0,top_k,15.89
new,201088,8,5.0,joint,15.47
new,201088,32,1.0,top_p,23.61
new,201088,32,1.0,top_k,74.98
new,201088,32,1.0,joint,74.72
new,201088,32,5.0,top_p,24.51
new,201088,32,5.0,top_k,28.74
new,201088,32,5.0,joint,28.69
new,201088,128,1.0,top_p,68.12
new,201088,128,1.0,top_k,218.72
new,201088,128,1.0,joint,218.57
new,201088,128,5.0,top_p,68.06
new,201088,128,5.0,top_k,78.45
new,201088,128,5.0,joint,77.84
new,201088,512,1.0,top_p,229.14
new,201088,512,1.0,top_k,762.72
new,201088,512,1.0,joint,761.34
new,201088,512,5.0,top_p,228.06
new,201088,512,5.0,top_k,259.55
new,201088,512,5.0,joint,258.74
new,262144,1,1.0,top_p,11.03
new,262144,1,1.0,top_k,44.30
new,262144,1,1.0,joint,43.68
new,262144,1,5.0,top_p,11.07
new,262144,1,5.0,top_k,13.85
new,262144,1,5.0,joint,13.38
new,262144,8,1.0,top_p,15.47
new,262144,8,1.0,top_k,63.49
new,262144,8,1.0,joint,62.81
new,262144,8,5.0,top_p,13.91
new,262144,8,5.0,top_k,18.76
new,262144,8,5.0,joint,18.27
new,262144,32,1.0,top_p,33.26
new,262144,32,1.0,top_k,125.92
new,262144,32,1.0,joint,124.65
new,262144,32,5.0,top_p,34.22
new,262144,32,5.0,top_k,41.95
new,262144,32,5.0,joint,40.59
new,262144,128,1.0,top_p,107.26
new,262144,128,1.0,top_k,392.35
new,262144,128,1.0,joint,387.00
new,262144,128,5.0,top_p,107.18
new,262144,128,5.0,top_k,127.54
new,262144,128,5.0,joint,124.45
new,262144,512,1.0,top_p,391.70
new,262144,512,1.0,top_k,1456.14
new,262144,512,1.0,joint,1435.29
new,262144,512,5.0,top_p,388.86
new,262144,512,5.0,top_k,469.08
new,262144,512,5.0,joint,454.67
base,262144,160,1.0,top_p,177.52
base,262144,160,1.0,top_k,930.84
base,262144,160,1.0,joint,926.61
base,262144,160,5.0,top_p,177.48
base,262144,160,5.0,top_k,252.56
base,262144,160,5.0,joint,251.95
base,262144,192,1.0,top_p,193.62
base,262144,192,1.0,top_k,1077.16
base,262144,192,1.0,joint,1072.67
base,262144,192,5.0,top_p,196.91
base,262144,192,5.0,top_k,271.29
base,262144,192,5.0,joint,271.22
base,262144,256,1.0,top_p,231.70
base,262144,256,1.0,top_k,1327.39
base,262144,256,1.0,joint,1549.80
base,262144,256,5.0,top_p,268.42
base,262144,256,5.0,top_k,368.06
base,262144,256,5.0,joint,367.93
base,262144,384,1.0,top_p,340.33
base,262144,384,1.0,top_k,2024.12
base,262144,384,1.0,joint,1999.89
base,262144,384,5.0,top_p,335.75
base,262144,384,5.0,top_k,443.41
base,262144,384,5.0,joint,445.06
base,262144,512,1.0,top_p,433.29
base,262144,512,1.0,top_k,2530.48
base,262144,512,1.0,joint,2514.38
base,262144,512,5.0,top_p,423.00
base,262144,512,5.0,top_k,545.40
base,262144,512,5.0,joint,530.58
new,262144,160,1.0,top_p,252.53
new,262144,160,1.0,top_k,984.32
new,262144,160,1.0,joint,975.75
new,262144,160,5.0,top_p,252.60
new,262144,160,5.0,top_k,279.96
new,262144,160,5.0,joint,274.99
new,262144,192,1.0,top_p,276.85
new,262144,192,1.0,top_k,1196.04
new,262144,192,1.0,joint,1189.80
new,262144,192,5.0,top_p,391.66
new,262144,192,5.0,top_k,423.25
new,262144,192,5.0,joint,319.57
new,262144,256,1.0,top_p,359.90
new,262144,256,1.0,top_k,1625.39
new,262144,256,1.0,joint,1616.39
new,262144,256,5.0,top_p,325.84
new,262144,256,5.0,top_k,489.51
new,262144,256,5.0,joint,480.07
new,262144,384,1.0,top_p,545.45
new,262144,384,1.0,top_k,2353.84
new,262144,384,1.0,joint,2338.00
new,262144,384,5.0,top_p,544.79
new,262144,384,5.0,top_k,728.38
new,262144,384,5.0,joint,717.78
new,262144,512,1.0,top_p,765.23
new,262144,512,1.0,top_k,3215.82
new,262144,512,1.0,joint,3197.75
new,262144,512,5.0,top_p,762.76
new,262144,512,5.0,top_k,966.61
new,262144,512,5.0,joint,951.83
base,262144,160,1.0,top_p,177.81
base,262144,160,1.0,top_k,932.13
base,262144,160,1.0,joint,927.62
base,262144,160,5.0,top_p,177.09
base,262144,160,5.0,top_k,251.85
base,262144,160,5.0,joint,251.26
base,262144,192,1.0,top_p,194.16
base,262144,192,1.0,top_k,1078.37
base,262144,192,1.0,joint,1075.94
base,262144,192,5.0,top_p,195.53
base,262144,192,5.0,top_k,270.76
base,262144,192,5.0,joint,270.53
base,262144,256,1.0,top_p,232.43
base,262144,256,1.0,top_k,1328.19
base,262144,256,1.0,joint,1323.89
base,262144,256,5.0,top_p,232.53
base,262144,256,5.0,top_k,314.57
base,262144,256,5.0,joint,314.89
base,262144,384,1.0,top_p,303.39
base,262144,384,1.0,top_k,1760.58
base,262144,384,1.0,joint,1756.74
base,262144,384,5.0,top_p,332.81
base,262144,384,5.0,top_k,442.92
base,262144,384,5.0,joint,443.02
base,262144,512,1.0,top_p,430.48
base,262144,512,1.0,top_k,2741.52
base,262144,512,1.0,joint,2736.40
base,262144,512,5.0,top_p,445.43
base,262144,512,5.0,top_k,574.74
base,262144,512,5.0,joint,577.96
new,262144,160,1.0,top_p,130.03
new,262144,160,1.0,top_k,481.49
new,262144,160,1.0,joint,474.58
new,262144,160,5.0,top_p,130.60
new,262144,160,5.0,top_k,156.73
new,262144,160,5.0,joint,152.47
new,262144,192,1.0,top_p,153.85
new,262144,192,1.0,top_k,568.33
new,262144,192,1.0,joint,560.34
new,262144,192,5.0,top_p,154.49
new,262144,192,5.0,top_k,185.06
new,262144,192,5.0,joint,180.37
new,262144,256,1.0,top_p,201.07
new,262144,256,1.0,top_k,747.40
new,262144,256,1.0,joint,736.35
new,262144,256,5.0,top_p,201.60
new,262144,256,5.0,top_k,242.47
new,262144,256,5.0,joint,235.99
new,262144,384,1.0,top_p,296.94
new,262144,384,1.0,top_k,1098.00
new,262144,384,1.0,joint,1082.64
new,262144,384,5.0,top_p,296.41
new,262144,384,5.0,top_k,356.02
new,262144,384,5.0,joint,345.59
new,262144,512,1.0,top_p,392.45
new,262144,512,1.0,top_k,1457.16
new,262144,512,1.0,joint,1435.63
new,262144,512,5.0,top_p,389.09
new,262144,512,5.0,top_k,468.63
new,262144,512,5.0,joint,454.65
