tag,vocab,batch,logit_std,mode,round,time_us
base,8192,1,5.0,joint,1,6.74
base,8192,1,5.0,joint,2,6.75
branch,8192,1,5.0,joint,1,5.31
branch,8192,1,5.0,joint,2,5.32
base,8192,1,5.0,top_k,1,6.54
base,8192,1,5.0,top_k,2,6.54
branch,8192,1,5.0,top_k,1,5.25
branch,8192,1,5.0,top_k,2,5.23
base,8192,1,5.0,top_p,1,6.03
base,8192,1,5.0,top_p,2,6.06
branch,8192,1,5.0,top_p,1,4.94
branch,8192,1,5.0,top_p,2,4.96
base,8192,8,5.0,joint,1,8.81
base,8192,8,5.0,joint,2,8.8
branch,8192,8,5.0,joint,1,6.86
branch,8192,8,5.0,joint,2,6.85
base,8192,8,5.0,top_k,1,7.75
base,8192,8,5.0,top_k,2,7.75
branch,8192,8,5.0,top_k,1,6.18
branch,8192,8,5.0,top_k,2,6.19
base,8192,8,5.0,top_p,1,7.99
base,8192,8,5.0,top_p,2,7.99
branch,8192,8,5.0,top_p,1,6.63
branch,8192,8,5.0,top_p,2,6.65
base,8192,32,5.0,joint,1,10.99
base,8192,32,5.0,joint,2,10.99
branch,8192,32,5.0,joint,1,8.33
branch,8192,32,5.0,joint,2,8.3
base,8192,32,5.0,top_k,1,9.3
base,8192,32,5.0,top_k,2,9.31
branch,8192,32,5.0,top_k,1,7.43
branch,8192,32,5.0,top_k,2,7.42
base,8192,32,5.0,top_p,1,9.88
base,8192,32,5.0,top_p,2,9.9
branch,8192,32,5.0,top_p,1,8.06
branch,8192,32,5.0,top_p,2,8.06
base,8192,128,5.0,joint,1,13.18
base,8192,128,5.0,joint,2,13.2
branch,8192,128,5.0,joint,1,10.94
branch,8192,128,5.0,joint,2,10.96
base,8192,128,5.0,top_k,1,11.89
base,8192,128,5.0,top_k,2,11.93
branch,8192,128,5.0,top_k,1,10.03
branch,8192,128,5.0,top_k,2,10.05
base,8192,128,5.0,top_p,1,11.87
base,8192,128,5.0,top_p,2,11.91
branch,8192,128,5.0,top_p,1,10.41
branch,8192,128,5.0,top_p,2,10.46
base,8192,512,5.0,joint,1,29.7
base,8192,512,5.0,joint,2,29.71
branch,8192,512,5.0,joint,1,20.97
branch,8192,512,5.0,joint,2,21.03
base,8192,512,5.0,top_k,1,27.61
base,8192,512,5.0,top_k,2,27.65
branch,8192,512,5.0,top_k,1,19.92
branch,8192,512,5.0,top_k,2,19.89
base,8192,512,5.0,top_p,1,26.47
base,8192,512,5.0,top_p,2,26.49
branch,8192,512,5.0,top_p,1,19.62
branch,8192,512,5.0,top_p,2,19.64
base,32000,1,1.0,joint,1,34.98
base,32000,1,1.0,joint,2,34.99
branch,32000,1,1.0,joint,1,15.95
branch,32000,1,1.0,joint,2,15.96
base,32000,1,1.0,top_k,1,35.12
base,32000,1,1.0,top_k,2,35.11
branch,32000,1,1.0,top_k,1,15.81
branch,32000,1,1.0,top_k,2,15.81
base,32000,1,1.0,top_p,1,10.25
base,32000,1,1.0,top_p,2,10.26
branch,32000,1,1.0,top_p,1,6.3
branch,32000,1,1.0,top_p,2,6.28
base,32000,1,5.0,joint,1,10.85
base,32000,1,5.0,joint,2,10.85
branch,32000,1,5.0,joint,1,7.09
branch,32000,1,5.0,joint,2,7.09
base,32000,1,5.0,top_k,1,10.52
base,32000,1,5.0,top_k,2,10.51
branch,32000,1,5.0,top_k,1,6.98
branch,32000,1,5.0,top_k,2,6.98
base,32000,1,5.0,top_p,1,9.48
base,32000,1,5.0,top_p,2,9.49
branch,32000,1,5.0,top_p,1,6.7
branch,32000,1,5.0,top_p,2,6.68
base,32000,8,5.0,joint,1,16.54
base,32000,8,5.0,joint,2,16.57
branch,32000,8,5.0,joint,1,8.55
branch,32000,8,5.0,joint,2,8.56
base,32000,8,5.0,top_k,1,16.48
base,32000,8,5.0,top_k,2,16.48
branch,32000,8,5.0,top_k,1,8.41
branch,32000,8,5.0,top_k,2,8.41
base,32000,8,5.0,top_p,1,14.59
base,32000,8,5.0,top_p,2,14.61
branch,32000,8,5.0,top_p,1,7.94
branch,32000,8,5.0,top_p,2,7.93
base,32000,32,1.0,joint,1,74.32
base,32000,32,1.0,joint,2,74.27
branch,32000,32,1.0,joint,1,32.28
branch,32000,32,1.0,joint,2,32.32
base,32000,32,1.0,top_k,1,74.62
base,32000,32,1.0,top_k,2,74.61
branch,32000,32,1.0,top_k,1,31.76
branch,32000,32,1.0,top_k,2,31.81
base,32000,32,1.0,top_p,1,17.66
base,32000,32,1.0,top_p,2,17.68
branch,32000,32,1.0,top_p,1,10.13
branch,32000,32,1.0,top_p,2,10.17
base,32000,32,5.0,joint,1,21.2
base,32000,32,5.0,joint,2,21.21
branch,32000,32,5.0,joint,1,11.43
branch,32000,32,5.0,joint,2,11.44
base,32000,32,5.0,top_k,1,20.65
base,32000,32,5.0,top_k,2,20.66
branch,32000,32,5.0,top_k,1,11.01
branch,32000,32,5.0,top_k,2,11.02
base,32000,32,5.0,top_p,1,18.6
base,32000,32,5.0,top_p,2,18.61
branch,32000,32,5.0,top_p,1,10.72
branch,32000,32,5.0,top_p,2,10.75
base,32000,128,5.0,joint,1,24.76
base,32000,128,5.0,joint,2,24.77
branch,32000,128,5.0,joint,1,18.42
branch,32000,128,5.0,joint,2,18.5
base,32000,128,5.0,top_k,1,24.25
base,32000,128,5.0,top_k,2,24.21
branch,32000,128,5.0,top_k,1,17.72
branch,32000,128,5.0,top_k,2,17.8
base,32000,128,5.0,top_p,1,21.57
base,32000,128,5.0,top_p,2,21.6
branch,32000,128,5.0,top_p,1,16.28
branch,32000,128,5.0,top_p,2,16.33
base,32000,512,5.0,joint,1,66.0
base,32000,512,5.0,joint,2,65.96
branch,32000,512,5.0,joint,1,45.29
branch,32000,512,5.0,joint,2,45.5
base,32000,512,5.0,top_k,1,64.22
base,32000,512,5.0,top_k,2,64.18
branch,32000,512,5.0,top_k,1,44.56
branch,32000,512,5.0,top_k,2,44.69
base,32000,512,5.0,top_p,1,57.45
base,32000,512,5.0,top_p,2,57.44
branch,32000,512,5.0,top_p,1,40.48
branch,32000,512,5.0,top_p,2,40.74
base,32000,2048,5.0,joint,1,210.14
base,32000,2048,5.0,joint,2,209.96
branch,32000,2048,5.0,joint,1,134.88
branch,32000,2048,5.0,joint,2,134.71
base,32000,2048,5.0,top_k,1,206.4
base,32000,2048,5.0,top_k,2,206.43
branch,32000,2048,5.0,top_k,1,132.3
branch,32000,2048,5.0,top_k,2,132.42
base,32000,2048,5.0,top_p,1,182.58
base,32000,2048,5.0,top_p,2,182.47
branch,32000,2048,5.0,top_p,1,118.07
branch,32000,2048,5.0,top_p,2,118.48
base,50257,1,5.0,joint,1,33.49
base,50257,1,5.0,joint,2,33.5
branch,50257,1,5.0,joint,1,7.96
branch,50257,1,5.0,joint,2,7.99
base,50257,1,5.0,top_k,1,32.68
base,50257,1,5.0,top_k,2,32.71
branch,50257,1,5.0,top_k,1,7.78
branch,50257,1,5.0,top_k,2,7.76
base,50257,1,5.0,top_p,1,33.11
base,50257,1,5.0,top_p,2,33.08
branch,50257,1,5.0,top_p,1,7.73
branch,50257,1,5.0,top_p,2,7.74
base,50257,8,5.0,joint,1,52.84
base,50257,8,5.0,joint,2,52.89
branch,50257,8,5.0,joint,1,10.58
branch,50257,8,5.0,joint,2,10.57
base,50257,8,5.0,top_k,1,52.23
base,50257,8,5.0,top_k,2,52.31
branch,50257,8,5.0,top_k,1,10.28
branch,50257,8,5.0,top_k,2,10.3
base,50257,8,5.0,top_p,1,49.44
base,50257,8,5.0,top_p,2,49.43
branch,50257,8,5.0,top_p,1,9.72
branch,50257,8,5.0,top_p,2,9.69
base,50257,32,5.0,joint,1,67.4
base,50257,32,5.0,joint,2,67.44
branch,50257,32,5.0,joint,1,15.3
branch,50257,32,5.0,joint,2,15.3
base,50257,32,5.0,top_k,1,66.46
base,50257,32,5.0,top_k,2,66.48
branch,50257,32,5.0,top_k,1,14.75
branch,50257,32,5.0,top_k,2,14.71
base,50257,32,5.0,top_p,1,60.46
base,50257,32,5.0,top_p,2,60.49
branch,50257,32,5.0,top_p,1,13.62
branch,50257,32,5.0,top_p,2,13.63
base,50257,128,5.0,joint,1,79.06
base,50257,128,5.0,joint,2,79.08
branch,50257,128,5.0,joint,1,23.52
branch,50257,128,5.0,joint,2,23.42
base,50257,128,5.0,top_k,1,78.28
base,50257,128,5.0,top_k,2,78.34
branch,50257,128,5.0,top_k,1,23.36
branch,50257,128,5.0,top_k,2,23.37
base,50257,128,5.0,top_p,1,74.48
base,50257,128,5.0,top_p,2,74.53
branch,50257,128,5.0,top_p,1,19.93
branch,50257,128,5.0,top_p,2,20.0
base,50257,512,5.0,joint,1,207.12
base,50257,512,5.0,joint,2,206.94
branch,50257,512,5.0,joint,1,96.72
branch,50257,512,5.0,joint,2,96.68
base,50257,512,5.0,top_k,1,205.16
base,50257,512,5.0,top_k,2,205.22
branch,50257,512,5.0,top_k,1,95.67
branch,50257,512,5.0,top_k,2,95.7
base,50257,512,5.0,top_p,1,192.86
base,50257,512,5.0,top_p,2,192.85
branch,50257,512,5.0,top_p,1,87.58
branch,50257,512,5.0,top_p,2,87.62
base,128256,1,5.0,joint,1,33.14
base,128256,1,5.0,joint,2,33.01
branch,128256,1,5.0,joint,1,9.36
branch,128256,1,5.0,joint,2,9.32
base,128256,1,5.0,top_k,1,33.31
base,128256,1,5.0,top_k,2,33.19
branch,128256,1,5.0,top_k,1,9.43
branch,128256,1,5.0,top_k,2,9.39
base,128256,1,5.0,top_p,1,28.61
base,128256,1,5.0,top_p,2,28.5
branch,128256,1,5.0,top_p,1,8.64
branch,128256,1,5.0,top_p,2,8.6
base,128256,8,5.0,joint,1,67.27
base,128256,8,5.0,joint,2,67.43
branch,128256,8,5.0,joint,1,14.38
branch,128256,8,5.0,joint,2,14.36
base,128256,8,5.0,top_k,1,67.9
base,128256,8,5.0,top_k,2,68.0
branch,128256,8,5.0,top_k,1,14.26
branch,128256,8,5.0,top_k,2,14.27
base,128256,8,5.0,top_p,1,45.03
base,128256,8,5.0,top_p,2,45.02
branch,128256,8,5.0,top_p,1,11.13
branch,128256,8,5.0,top_p,2,11.12
base,128256,32,5.0,joint,1,83.08
base,128256,32,5.0,joint,2,83.09
branch,128256,32,5.0,joint,1,21.48
branch,128256,32,5.0,joint,2,21.51
base,128256,32,5.0,top_k,1,83.37
base,128256,32,5.0,top_k,2,83.4
branch,128256,32,5.0,top_k,1,21.0
branch,128256,32,5.0,top_k,2,21.02
base,128256,32,5.0,top_p,1,56.47
base,128256,32,5.0,top_p,2,56.5
branch,128256,32,5.0,top_p,1,17.79
branch,128256,32,5.0,top_p,2,17.83
base,128256,128,5.0,joint,1,107.55
base,128256,128,5.0,joint,2,106.07
branch,128256,128,5.0,joint,1,52.93
branch,128256,128,5.0,joint,2,52.87
base,128256,128,5.0,top_k,1,107.4
base,128256,128,5.0,top_k,2,108.27
branch,128256,128,5.0,top_k,1,52.02
branch,128256,128,5.0,top_k,2,52.16
base,128256,128,5.0,top_p,1,78.98
base,128256,128,5.0,top_p,2,78.67
branch,128256,128,5.0,top_p,1,48.01
branch,128256,128,5.0,top_p,2,48.21
base,128256,512,5.0,joint,1,235.82
base,128256,512,5.0,joint,2,235.92
branch,128256,512,5.0,joint,1,168.09
branch,128256,512,5.0,joint,2,168.14
base,128256,512,5.0,top_k,1,235.33
base,128256,512,5.0,top_k,2,235.41
branch,128256,512,5.0,top_k,1,166.2
branch,128256,512,5.0,top_k,2,166.35
base,128256,512,5.0,top_p,1,187.07
base,128256,512,5.0,top_p,2,186.99
branch,128256,512,5.0,top_p,1,147.8
branch,128256,512,5.0,top_p,2,147.89
base,151936,1,1.0,joint,1,201.13
base,151936,1,1.0,joint,2,201.24
branch,151936,1,1.0,joint,1,33.43
branch,151936,1,1.0,joint,2,33.43
base,151936,1,1.0,top_k,1,203.08
base,151936,1,1.0,top_k,2,203.09
branch,151936,1,1.0,top_k,1,32.5
branch,151936,1,1.0,top_k,2,32.47
base,151936,1,1.0,top_p,1,32.88
base,151936,1,1.0,top_p,2,32.9
branch,151936,1,1.0,top_p,1,8.76
branch,151936,1,1.0,top_p,2,8.74
base,151936,1,5.0,joint,1,45.96
base,151936,1,5.0,joint,2,45.98
branch,151936,1,5.0,joint,1,11.0
branch,151936,1,5.0,joint,2,10.98
base,151936,1,5.0,top_k,1,46.28
base,151936,1,5.0,top_k,2,46.33
branch,151936,1,5.0,top_k,1,10.97
branch,151936,1,5.0,top_k,2,10.96
base,151936,1,5.0,top_p,1,34.68
base,151936,1,5.0,top_p,2,34.62
branch,151936,1,5.0,top_p,1,9.2
branch,151936,1,5.0,top_p,2,9.19
base,151936,8,5.0,joint,1,72.24
base,151936,8,5.0,joint,2,72.34
branch,151936,8,5.0,joint,1,13.64
branch,151936,8,5.0,joint,2,13.64
base,151936,8,5.0,top_k,1,72.88
base,151936,8,5.0,top_k,2,72.96
branch,151936,8,5.0,top_k,1,13.52
branch,151936,8,5.0,top_k,2,13.53
base,151936,8,5.0,top_p,1,52.7
base,151936,8,5.0,top_p,2,52.72
branch,151936,8,5.0,top_p,1,11.05
branch,151936,8,5.0,top_p,2,11.06
base,151936,32,1.0,joint,1,337.78
base,151936,32,1.0,joint,2,337.84
branch,151936,32,1.0,joint,1,65.85
branch,151936,32,1.0,joint,2,65.92
base,151936,32,1.0,top_k,1,342.44
base,151936,32,1.0,top_k,2,342.41
branch,151936,32,1.0,top_k,1,63.88
branch,151936,32,1.0,top_k,2,63.9
base,151936,32,1.0,top_p,1,69.23
base,151936,32,1.0,top_p,2,69.25
branch,151936,32,1.0,top_p,1,22.13
branch,151936,32,1.0,top_p,2,22.26
base,151936,32,5.0,joint,1,86.78
base,151936,32,5.0,joint,2,86.91
branch,151936,32,5.0,joint,1,23.62
branch,151936,32,5.0,joint,2,23.66
base,151936,32,5.0,top_k,1,87.6
base,151936,32,5.0,top_k,2,87.68
branch,151936,32,5.0,top_k,1,23.26
branch,151936,32,5.0,top_k,2,23.34
base,151936,32,5.0,top_p,1,64.82
base,151936,32,5.0,top_p,2,64.92
branch,151936,32,5.0,top_p,1,22.0
branch,151936,32,5.0,top_p,2,22.04
base,151936,128,5.0,joint,1,113.82
base,151936,128,5.0,joint,2,114.16
branch,151936,128,5.0,joint,1,65.48
branch,151936,128,5.0,joint,2,65.64
base,151936,128,5.0,top_k,1,113.9
base,151936,128,5.0,top_k,2,114.62
branch,151936,128,5.0,top_k,1,64.59
branch,151936,128,5.0,top_k,2,64.62
base,151936,128,5.0,top_p,1,86.99
base,151936,128,5.0,top_p,2,87.17
branch,151936,128,5.0,top_p,1,59.15
branch,151936,128,5.0,top_p,2,59.23
base,151936,512,5.0,joint,1,275.05
base,151936,512,5.0,joint,2,274.38
branch,151936,512,5.0,joint,1,217.86
branch,151936,512,5.0,joint,2,218.11
base,151936,512,5.0,top_k,1,273.25
base,151936,512,5.0,top_k,2,272.95
branch,151936,512,5.0,top_k,1,215.4
branch,151936,512,5.0,top_k,2,215.28
base,151936,512,5.0,top_p,1,221.47
base,151936,512,5.0,top_p,2,220.63
branch,151936,512,5.0,top_p,1,194.78
branch,151936,512,5.0,top_p,2,195.19
base,151936,1024,5.0,joint,1,484.27
base,151936,1024,5.0,joint,2,484.12
branch,151936,1024,5.0,joint,1,425.24
branch,151936,1024,5.0,joint,2,425.31
base,151936,1024,5.0,top_k,1,481.12
base,151936,1024,5.0,top_k,2,480.26
branch,151936,1024,5.0,top_k,1,421.03
branch,151936,1024,5.0,top_k,2,420.89
base,151936,1024,5.0,top_p,1,386.39
base,151936,1024,5.0,top_p,2,386.42
branch,151936,1024,5.0,top_p,1,377.12
branch,151936,1024,5.0,top_p,2,377.83
base,151936,2048,5.0,joint,1,899.62
base,151936,2048,5.0,joint,2,899.55
branch,151936,2048,5.0,joint,1,899.7
branch,151936,2048,5.0,joint,2,900.65
base,151936,2048,5.0,top_k,1,889.88
base,151936,2048,5.0,top_k,2,890.49
branch,151936,2048,5.0,top_k,1,891.08
branch,151936,2048,5.0,top_k,2,890.04
base,151936,2048,5.0,top_p,1,724.42
base,151936,2048,5.0,top_p,2,724.59
branch,151936,2048,5.0,top_p,1,724.6
branch,151936,2048,5.0,top_p,2,724.43
base,201088,1,5.0,joint,1,55.56
base,201088,1,5.0,joint,2,55.56
branch,201088,1,5.0,joint,1,12.24
branch,201088,1,5.0,joint,2,12.21
base,201088,1,5.0,top_k,1,56.06
base,201088,1,5.0,top_k,2,56.03
branch,201088,1,5.0,top_k,1,12.27
branch,201088,1,5.0,top_k,2,12.22
base,201088,1,5.0,top_p,1,43.4
base,201088,1,5.0,top_p,2,43.35
branch,201088,1,5.0,top_p,1,10.28
branch,201088,1,5.0,top_p,2,10.25
base,201088,8,5.0,joint,1,85.48
base,201088,8,5.0,joint,2,85.51
branch,201088,8,5.0,joint,1,15.45
branch,201088,8,5.0,joint,2,15.43
base,201088,8,5.0,top_k,1,86.39
base,201088,8,5.0,top_k,2,86.36
branch,201088,8,5.0,top_k,1,15.32
branch,201088,8,5.0,top_k,2,15.32
base,201088,8,5.0,top_p,1,67.52
base,201088,8,5.0,top_p,2,67.53
branch,201088,8,5.0,top_p,1,12.79
branch,201088,8,5.0,top_p,2,12.78
base,201088,32,5.0,joint,1,115.35
base,201088,32,5.0,joint,2,115.42
branch,201088,32,5.0,joint,1,27.92
branch,201088,32,5.0,joint,2,27.92
base,201088,32,5.0,top_k,1,116.24
base,201088,32,5.0,top_k,2,116.23
branch,201088,32,5.0,top_k,1,27.39
branch,201088,32,5.0,top_k,2,27.43
base,201088,32,5.0,top_p,1,83.13
base,201088,32,5.0,top_p,2,83.05
branch,201088,32,5.0,top_p,1,24.63
branch,201088,32,5.0,top_p,2,24.58
base,201088,128,5.0,joint,1,170.28
base,201088,128,5.0,joint,2,169.94
branch,201088,128,5.0,joint,1,76.52
branch,201088,128,5.0,joint,2,76.86
base,201088,128,5.0,top_k,1,169.65
base,201088,128,5.0,top_k,2,169.6
branch,201088,128,5.0,top_k,1,75.63
branch,201088,128,5.0,top_k,2,75.72
base,201088,128,5.0,top_p,1,119.43
base,201088,128,5.0,top_p,2,118.73
branch,201088,128,5.0,top_p,1,67.22
branch,201088,128,5.0,top_p,2,67.13
base,201088,512,5.0,joint,1,369.67
base,201088,512,5.0,joint,2,368.94
branch,201088,512,5.0,joint,1,257.16
branch,201088,512,5.0,joint,2,257.48
base,201088,512,5.0,top_k,1,368.07
base,201088,512,5.0,top_k,2,367.08
branch,201088,512,5.0,top_k,1,254.42
branch,201088,512,5.0,top_k,2,254.95
base,201088,512,5.0,top_p,1,291.06
base,201088,512,5.0,top_p,2,290.45
branch,201088,512,5.0,top_p,1,227.38
branch,201088,512,5.0,top_p,2,227.39
base,262144,1,1.0,joint,1,361.11
base,262144,1,1.0,joint,2,361.03
branch,262144,1,1.0,joint,1,46.57
branch,262144,1,1.0,joint,2,46.65
base,262144,1,1.0,top_k,1,365.07
base,262144,1,1.0,top_k,2,365.14
branch,262144,1,1.0,top_k,1,44.5
branch,262144,1,1.0,top_k,2,44.55
base,262144,1,1.0,top_p,1,53.25
base,262144,1,1.0,top_p,2,53.27
branch,262144,1,1.0,top_p,1,11.0
branch,262144,1,1.0,top_p,2,11.02
base,262144,1,5.0,joint,1,83.41
base,262144,1,5.0,joint,2,83.38
branch,262144,1,5.0,joint,1,14.76
branch,262144,1,5.0,joint,2,14.77
base,262144,1,5.0,top_k,1,84.12
base,262144,1,5.0,top_k,2,84.21
branch,262144,1,5.0,top_k,1,14.63
branch,262144,1,5.0,top_k,2,14.67
base,262144,1,5.0,top_p,1,61.21
base,262144,1,5.0,top_p,2,61.24
branch,262144,1,5.0,top_p,1,11.95
branch,262144,1,5.0,top_p,2,11.99
base,262144,8,5.0,joint,1,125.77
base,262144,8,5.0,joint,2,125.81
branch,262144,8,5.0,joint,1,20.0
branch,262144,8,5.0,joint,2,20.03
base,262144,8,5.0,top_k,1,127.09
base,262144,8,5.0,top_k,2,127.1
branch,262144,8,5.0,top_k,1,19.6
branch,262144,8,5.0,top_k,2,19.63
base,262144,8,5.0,top_p,1,84.94
base,262144,8,5.0,top_p,2,84.97
branch,262144,8,5.0,top_p,1,14.62
branch,262144,8,5.0,top_p,2,14.62
base,262144,32,1.0,joint,1,604.43
base,262144,32,1.0,joint,2,604.82
branch,262144,32,1.0,joint,1,121.83
branch,262144,32,1.0,joint,2,121.91
base,262144,32,1.0,top_k,1,611.46
base,262144,32,1.0,top_k,2,611.79
branch,262144,32,1.0,top_k,1,115.98
branch,262144,32,1.0,top_k,2,116.11
base,262144,32,1.0,top_p,1,109.24
base,262144,32,1.0,top_p,2,109.28
branch,262144,32,1.0,top_p,1,33.2
branch,262144,32,1.0,top_p,2,33.3
base,262144,32,5.0,joint,1,149.09
base,262144,32,5.0,joint,2,149.1
branch,262144,32,5.0,joint,1,40.78
branch,262144,32,5.0,joint,2,40.94
base,262144,32,5.0,top_k,1,150.4
base,262144,32,5.0,top_k,2,150.46
branch,262144,32,5.0,top_k,1,40.58
branch,262144,32,5.0,top_k,2,40.58
base,262144,32,5.0,top_p,1,112.25
base,262144,32,5.0,top_p,2,112.23
branch,262144,32,5.0,top_p,1,34.58
branch,262144,32,5.0,top_p,2,34.7
base,262144,128,5.0,joint,1,216.16
base,262144,128,5.0,joint,2,215.41
branch,262144,128,5.0,joint,1,124.4
branch,262144,128,5.0,joint,2,124.93
base,262144,128,5.0,top_k,1,216.51
base,262144,128,5.0,top_k,2,216.73
branch,262144,128,5.0,top_k,1,123.29
branch,262144,128,5.0,top_k,2,123.59
base,262144,128,5.0,top_p,1,164.32
base,262144,128,5.0,top_p,2,163.18
branch,262144,128,5.0,top_p,1,107.11
branch,262144,128,5.0,top_p,2,107.24
base,262144,256,5.0,joint,1,314.7
base,262144,256,5.0,joint,2,314.63
branch,262144,256,5.0,joint,1,235.31
branch,262144,256,5.0,joint,2,235.06
base,262144,256,5.0,top_k,1,314.62
base,262144,256,5.0,top_k,2,314.34
branch,262144,256,5.0,top_k,1,233.81
branch,262144,256,5.0,top_k,2,233.97
base,262144,256,5.0,top_p,1,244.31
base,262144,256,5.0,top_p,2,244.47
branch,262144,256,5.0,top_p,1,199.8
branch,262144,256,5.0,top_p,2,199.74
base,262144,512,5.0,joint,1,475.23
base,262144,512,5.0,joint,2,475.32
branch,262144,512,5.0,joint,1,474.98
branch,262144,512,5.0,joint,2,475.67
base,262144,512,5.0,top_k,1,474.33
base,262144,512,5.0,top_k,2,474.68
branch,262144,512,5.0,top_k,1,473.62
branch,262144,512,5.0,top_k,2,474.22
base,262144,512,5.0,top_p,1,371.65
base,262144,512,5.0,top_p,2,372.56
branch,262144,512,5.0,top_p,1,371.79
branch,262144,512,5.0,top_p,2,371.66
